{
  "n_positive": 995,
  "n_negative": 0,
  "n_typeA_total": 995,
  "n_typeB": 234,
  "mean_years": 5.386997960369953,
  "std_years": 2.799457246632615,
  "median_years": 5.169062286105407,
  "p5_years": 1.0570841889117044,
  "p25_years": 3.3264887063655033,
  "p75_years": 7.293634496919918,
  "p95_years": 10.16728268309377,
  "min_years": 0.008213552361396304,
  "max_years": 14.669404517453799
}